Country or region,Region,GDP per capita,Social support,Healthy life expectancy,Freedom to make life choices,Perceptions of corruption,Generosity,Dystopia_Residual,Prediccion
145.0,10.0,1.39651,1.34951,0.94143,0.66557,0.41978,0.29678,2.51738,7.519449998594912
61.0,10.0,1.30232,1.40223,0.94784,0.62877,0.14145,0.4363,2.70201,7.40521333179473
38.0,10.0,1.32548,1.36058,0.87464,0.64938,0.48357,0.34139,2.49204,7.236499994057966
111.0,10.0,1.459,1.33095,0.88521,0.66973,0.36503,0.34699,2.46531,7.480086662124619
25.0,5.0,1.32629,1.32261,0.90563,0.63297,0.32957,0.45811,2.45176,7.352263327522269
46.0,10.0,1.29025,1.31826,0.88911,0.64169,0.41372,0.23351,2.61955,7.287273333943661
103.0,10.0,1.32944,1.28017,0.89284,0.61576,0.31814,0.4761,2.4657,7.236473327306106
144.0,10.0,1.33171,1.28907,0.91087,0.6598,0.43844,0.36262,2.37119,7.22708333293279
104.0,0.0,1.25018,1.31967,0.90837,0.63938,0.42922,0.47501,2.26425,7.15800333124798
6.0,0.0,1.33358,1.30923,0.93156,0.65124,0.35637,0.43562,2.26646,7.261103330790234
67.0,4.0,1.22857,1.22393,0.91387,0.41319,0.07785,0.33172,3.08854,6.637923313929252
34.0,3.0,0.95578,1.23788,0.86027,0.63376,0.10583,0.25497,3.17728,6.989716667912839
7.0,10.0,1.33723,1.29704,0.89042,0.62433,0.18676,0.33088,2.5332,7.200660002721162
94.0,3.0,1.02054,0.91451,0.81444,0.48181,0.21312,0.14074,3.60214,6.837023333625762
162.0,5.0,1.39451,1.24711,0.86179,0.54604,0.1589,0.40105,2.51011,7.066596666336044
19.0,3.0,0.98124,1.23287,0.69702,0.49049,0.17521,0.14574,3.26001,6.8414099967829145
85.0,10.0,1.56391,1.21963,0.91894,0.61583,0.37798,0.28034,1.96961,6.912259992535893
66.0,10.0,1.33596,1.36948,0.89533,0.61777,0.28703,0.45901,1.9757,6.951776668891926
12.0,10.0,1.30782,1.28566,0.89667,0.5845,0.2254,0.2225,2.41484,6.916766668713861
160.0,4.0,1.42727,1.12575,0.80925,0.64157,0.38583,0.26428,2.24743,6.965473329963702
161.0,10.0,1.26637,1.28548,0.90943,0.59625,0.32067,0.51912,1.96994,6.818419997355128
112.0,4.0,1.36011,1.08182,0.76276,0.63274,0.32524,0.21542,2.47489,6.835263331400569
165.0,3.0,1.04424,1.25596,0.72052,0.42908,0.11069,0.05841,3.19131,6.539333330485004
130.0,6.0,1.52186,1.02,1.02525,0.54252,0.4921,0.31105,1.88501,6.458059999033613
115.0,3.0,1.06353,1.1985,0.79661,0.5421,0.0927,0.24434,2.84848,6.684233335215261
51.0,10.0,1.32792,1.29937,0.89186,0.61477,0.21843,0.28214,2.11569,6.809743335291543
28.0,3.0,1.10715,1.12447,0.85857,0.44132,0.12869,0.33363,2.67585,6.595769997698487
122.0,4.0,1.69042,1.0786,0.79733,0.6404,0.52208,0.32573,1.55674,6.617423327357003
47.0,10.0,1.27778,1.26038,0.94579,0.55011,0.20646,0.12332,2.21126,6.4197299971898385
4.0,3.0,1.05351,1.24823,0.78723,0.44974,0.08484,0.11451,2.836,6.4861266665268
37.0,1.0,1.17898,1.20643,0.84483,0.46364,0.02652,0.10686,2.67782,6.224710016034449
163.0,3.0,1.06166,1.2089,0.8116,0.60362,0.24558,0.2324,2.32142,6.4540766616185525
30.0,3.0,0.91861,1.24018,0.69077,0.53466,0.0512,0.18401,2.85737,6.357733328628561
151.0,6.0,0.9669,1.26504,0.7385,0.55664,0.03187,0.5763,2.31945,5.803999990412393
126.0,4.0,1.39541,1.08393,0.72025,0.31048,0.32524,0.13706,2.43872,6.3296633352406895
139.0,10.0,1.23011,1.31379,0.95562,0.45951,0.06398,0.18227,2.12367,6.238153330167115
91.0,10.0,1.2074,1.30203,0.88721,0.60365,0.13586,0.51752,1.6488,6.407629998982728
147.0,2.0,1.29098,1.07617,0.8753,0.3974,0.08129,0.25376,2.32323,6.27898999125163
76.0,4.0,1.55422,1.16594,0.72492,0.55499,0.25609,0.16228,1.87634,6.296113326327023
142.0,3.0,0.99534,0.972,0.6082,0.59657,0.13633,0.16991,2.79094,5.963886658554078
154.0,3.0,1.21183,1.18354,0.61483,0.55884,0.0114,0.31844,2.26882,6.111203329162564
43.0,3.0,0.76454,1.02507,0.67737,0.4035,0.11776,0.10692,3.035,6.01678332182566
54.0,3.0,0.74553,1.04356,0.64425,0.57733,0.09472,0.27489,2.74255,6.081719991022769
164.0,1.0,0.63244,1.34043,0.59772,0.65821,0.30826,0.22837,2.23741,5.900419995390566
131.0,1.0,1.16891,1.26999,0.78902,0.31751,0.03431,0.16893,2.24639,5.746389987627661
71.0,2.0,1.27074,1.25712,0.99111,0.49615,0.1806,0.10705,1.68435,5.999086667060872
137.0,2.0,1.24461,0.95774,0.96538,0.33208,0.07857,0.18557,2.21978,5.925519996528609
41.0,3.0,0.86402,0.99903,0.79075,0.48574,0.1809,0.11541,2.53942,5.977706664644856
9.0,4.0,1.32376,1.21624,0.74716,0.45492,0.306,0.17362,1.73797,6.001896663742082
68.0,10.0,1.25114,1.19777,0.95446,0.26236,0.02901,0.22823,2.02518,5.80269999101003
16.0,3.0,0.68133,0.97841,0.5392,0.57414,0.088,0.20536,2.82334,5.823633329747537
95.0,1.0,0.59448,1.01528,0.61826,0.32818,0.01615,0.20951,3.10712,5.787826659698467
116.0,3.0,0.75985,1.30477,0.66098,0.53899,0.08242,0.3424,2.18896,5.784859993604009
73.0,1.0,1.12254,1.12241,0.64368,0.51649,0.08454,0.11827,2.24729,5.855613330968231
132.0,1.0,1.18498,1.27385,0.87337,0.60855,0.03787,0.25328,1.61583,5.953676655502323
84.0,1.0,1.14723,1.25745,0.73128,0.21342,0.01031,0.02641,2.44649,5.730093340187073
105.0,3.0,0.59325,1.14184,0.74314,0.55475,0.19317,0.27815,2.32407,5.96688999768575
117.0,3.0,0.90019,0.97459,0.73017,0.41496,0.05989,0.14982,2.5945,5.783299996770234
11.0,1.0,1.03192,1.23289,0.73608,0.37938,0.1909,0.11046,2.1309,5.687613332087223
119.0,1.0,1.12555,1.27948,0.77903,0.53122,0.04212,0.16759,1.86565,5.843849998372391
89.0,6.0,1.12486,1.07023,0.72394,0.53024,0.10501,0.33075,1.88541,5.96543666609446
35.0,1.0,1.08254,0.79624,0.78805,0.25883,0.0243,0.05444,2.75414,5.73585333896638
83.0,4.0,1.13145,1.11862,0.7038,0.41668,0.11023,0.18295,2.09066,5.766140414776783
124.0,1.0,1.13764,1.23617,0.66926,0.36679,0.03005,0.00199,2.27394,5.682203323580425
70.0,3.0,0.81038,1.15102,0.68741,0.50442,0.02299,0.2123,2.32038,5.672979992421476
108.0,10.0,1.20806,1.07008,0.92356,0.49027,0.1428,0.26169,1.59888,5.9981300046539285
36.0,10.0,1.20813,0.89318,0.92356,0.40672,0.06146,0.30638,1.88931,5.763686673876444
2.0,4.0,0.93929,1.07772,0.61766,0.28579,0.17383,0.07822,2.43209,5.570003340928824
75.0,1.0,0.80148,0.81198,0.63132,0.24749,0.04741,0.2831,2.76579,5.590316666361485
157.0,1.0,0.95847,1.22668,0.53886,0.4761,0.30844,0.16979,1.86984,5.397606656608582
93.0,8.0,1.00761,0.98521,0.7095,0.56066,0.07521,0.37744,1.76145,5.259326666030882
58.0,2.0,1.38604,1.05818,1.01328,0.59608,0.37124,0.39478,0.65429,5.966533331394188
44.0,1.0,1.15174,1.22791,0.77361,0.44888,0.15184,0.0868,1.58782,5.822050422444348
63.0,6.0,0.82827,1.08708,0.63793,0.46611,0.0,0.51535,1.86399,5.2179333222961395
166.0,6.0,0.63216,0.91226,0.74676,0.59444,0.10441,0.1686,2.20173,5.4124133301416855
156.0,4.0,1.06098,0.94632,0.73172,0.22815,0.15746,0.12253,2.08528,5.266659999160789
77.0,1.0,0.47428,1.15115,0.65088,0.43477,0.04232,0.3003,2.2327,5.2401699930826835
107.0,8.0,0.65435,0.90432,0.16007,0.34334,0.0403,0.27233,2.89319,4.879043335984547
15.0,7.0,0.77042,1.10395,0.57407,0.53206,0.15445,0.47998,1.63794,5.020076664784751
8.0,1.0,1.02389,0.93793,0.64045,0.3703,0.16065,0.07799,2.00073,5.04151333255768
113.0,7.0,0.59543,0.41411,0.51466,0.12102,0.10464,0.33671,3.10709,5.039723332372015
72.0,4.0,0.90198,1.05392,0.69639,0.40661,0.14293,0.11053,1.87996,5.293533748313585
97.0,1.0,0.97438,0.90557,0.72521,0.1826,0.14296,0.1614,2.10017,5.156973332138066
29.0,2.0,0.89012,0.94675,0.81658,0.51697,0.02781,0.08185,1.8604,5.184236667404189
168.0,8.0,0.47038,0.91612,0.29924,0.48827,0.12468,0.19591,2.6343,4.577755550278554
123.0,1.0,1.04345,0.88588,0.7689,0.35068,0.00649,0.13748,1.93129,5.132943334604914
128.0,1.0,0.92053,1.00964,0.74836,0.20107,0.02617,0.19231,2.025,5.028196664403282
120.0,10.0,1.15991,1.13935,0.87519,0.51469,0.01078,0.13719,1.26462,5.291130003649409
79.0,1.0,1.11312,1.09562,0.72437,0.29671,0.06332,0.18226,1.62215,5.175656674207036
118.0,6.0,0.70532,1.03516,0.58114,0.62545,0.12279,0.24991,1.7536,5.099459997075413
135.0,8.0,0.18847,0.95152,0.43873,0.46582,0.39928,0.50318,2.11032,4.515730001983639
98.0,4.0,0.73479,0.64095,0.60954,0.41691,0.08546,0.07172,2.45373,4.99114999701181
86.0,1.0,0.91851,1.00232,0.73545,0.33457,0.05327,0.22359,1.73933,5.016243332964582
99.0,8.0,0.08308,1.02626,0.09131,0.34037,0.15603,0.22269,3.05137,4.848380003433228
1.0,1.0,0.87867,0.80434,0.81325,0.35733,0.06413,0.14272,1.89894,4.939436669807432
17.0,1.0,0.83223,0.91916,0.79081,0.09245,0.00227,0.24808,2.06367,4.921843332678481
81.0,8.0,0.37545,1.04103,0.07612,0.31767,0.12504,0.16388,2.79832,4.763276672496786
40.0,3.0,0.89537,1.17202,0.66825,0.57672,0.14234,0.21684,1.21305,5.414328323287966
78.0,6.0,0.59066,0.73803,0.54909,0.59591,0.24249,0.42192,1.73799,4.761676666571292
96.0,2.0,0.82819,1.3006,0.60268,0.43626,0.02666,0.3323,1.34759,5.0137066640472545
143.0,8.0,0.71206,1.07284,0.07566,0.30658,0.0306,0.18259,2.48676,4.886949998524969
53.0,10.0,1.15406,0.92933,0.88213,0.07699,0.01397,0.0,1.80101,5.222856693096161
80.0,4.0,1.02564,0.80001,0.83947,0.33916,0.04582,0.21854,1.57059,4.934803335990908
60.0,1.0,1.12094,1.20215,0.75905,0.32112,0.02758,0.128,1.24074,4.980906674385053
57.0,3.0,0.59532,0.95348,0.6951,0.40148,0.06825,0.23027,1.84408,4.893483334452319
149.0,1.0,0.39047,0.85563,0.57379,0.47216,0.15072,0.22974,2.11399,4.824769999294282
155.0,4.0,0.88113,0.60429,0.73793,0.26268,0.06358,0.06431,2.12466,4.734669997711193
114.0,4.0,0.59867,0.92558,0.66015,0.24499,0.12905,0.11251,2.04384,4.835929998690279
10.0,7.0,0.39753,0.43106,0.60164,0.4082,0.12569,0.21222,2.51767,4.652133332239789
64.0,4.0,1.0088,0.54447,0.69805,0.30033,0.05863,0.38086,1.6944,4.683149994576776
159.0,1.0,0.79907,1.20278,0.6739,0.25123,0.02961,0.15275,1.5714,4.788676666704829
65.0,4.0,0.98549,0.81889,0.60237,0.0,0.13788,0.17922,1.95335,4.660083331896455
136.0,8.0,0.92049,1.18468,0.27688,0.33207,0.08884,0.11973,1.71956,4.547089992891964
52.0,8.0,0.54558,0.67954,0.40132,0.42342,0.04355,0.23087,2.30919,4.573535156353472
169.0,8.0,0.271,1.03276,0.33475,0.25861,0.08079,0.18987,2.44191,4.51872666776656
82.0,8.0,0.0712,0.78968,0.34201,0.28531,0.06232,0.24362,2.77729,4.515461820229034
62.0,7.0,0.64499,0.38174,0.51529,0.39786,0.08492,0.26475,2.27513,4.589128332506836
141.0,8.0,0.52107,1.01404,0.36878,0.10081,0.1466,0.19062,2.20857,4.477630829789885
56.0,3.0,0.26673,0.74302,0.38847,0.24425,0.17175,0.46187,2.24173,4.308673337923684
33.0,8.0,0.0,1.0012,0.09806,0.22605,0.07625,0.24834,2.86712,4.47287667491279
102.0,7.0,0.35997,0.86449,0.56874,0.38282,0.05907,0.32296,1.95637,4.6128366572952295
45.0,8.0,0.19073,0.60406,0.44055,0.4345,0.15048,0.24325,2.44876,4.45407000234602
129.0,8.0,0.33024,0.95571,0.0,0.4084,0.08786,0.21488,2.51009,4.484028895437451
92.0,8.0,0.45407,0.86908,0.35874,0.24232,0.17461,0.219,2.11773,4.325581821812133
74.0,8.0,0.36471,0.99876,0.41435,0.42215,0.05839,0.37542,1.78555,4.35144416225434
39.0,8.0,0.44025,0.59207,0.36291,0.46074,0.28105,0.18093,2.05125,4.270153333257035
5.0,1.0,0.76821,0.77711,0.7299,0.19847,0.039,0.07855,1.75873,4.483293332964571
18.0,8.0,0.99355,1.10464,0.04776,0.49495,0.12474,0.10461,1.46181,4.454769998308829
100.0,6.0,0.27108,0.70905,0.48246,0.44017,0.19034,0.79588,1.41805,4.33950333409628
50.0,1.0,0.7419,0.38562,0.72926,0.40577,0.38331,0.05547,1.59541,4.456503332519542
88.0,8.0,0.01604,0.41134,0.22562,0.43054,0.06977,0.33128,2.80791,4.313023336302429
140.0,7.0,0.83524,1.01905,0.70806,0.53726,0.09179,0.40828,0.67108,5.261693330548603
24.0,8.0,0.4225,0.88767,0.23402,0.49309,0.05786,0.20618,1.95071,4.110960000909167
20.0,1.0,1.01216,1.10614,0.76649,0.30587,0.00872,0.11921,0.89991,5.030813337071728
42.0,4.0,0.8818,0.747,0.61712,0.17288,0.06324,0.11291,1.59927,4.35144333101907
167.0,4.0,0.54649,0.68093,0.40064,0.35571,0.07854,0.09131,1.92313,4.124016656824752
3.0,8.0,0.75778,0.8604,0.16683,0.10384,0.07122,0.12344,1.94939,4.080016660275459
90.0,8.0,0.26074,1.03526,0.20583,0.38857,0.12352,0.18798,1.79293,4.156842661465964
32.0,8.0,0.67866,0.6629,0.31051,0.41466,0.11686,0.12388,1.68135,4.080019995466879
31.0,8.0,0.23906,0.79273,0.36315,0.22917,0.199,0.17441,1.95812,3.9966184867939787
158.0,8.0,0.21102,1.13299,0.33861,0.45727,0.07267,0.29066,1.42766,4.127963300361634
127.0,8.0,0.36498,0.97619,0.4354,0.36772,0.10713,0.20843,1.44395,3.97958999384562
48.0,8.0,1.06024,0.90528,0.43372,0.31914,0.11091,0.06822,0.99895,4.158016672007233
106.0,8.0,0.0694,0.77265,0.29707,0.47692,0.15639,0.19387,1.87877,3.982499997571321
23.0,6.0,0.46038,0.62736,0.61114,0.66246,0.07247,0.40359,0.98195,4.087083332138049
150.0,8.0,0.2852,1.00268,0.38215,0.32878,0.05747,0.34377,1.38079,4.044513323332472
87.0,8.0,0.20824,0.66801,0.46721,0.19184,0.08124,0.21333,1.851,3.781846666806549
26.0,8.0,0.0785,0.0,0.06699,0.48879,0.08289,0.23835,2.7223,3.8905533367633893
27.0,8.0,0.34193,0.76062,0.1501,0.23501,0.05269,0.18386,1.94296,4.0397526802279184
55.0,8.0,0.17417,0.46475,0.24009,0.37725,0.12139,0.28657,1.99172,3.6883299962170772
69.0,8.0,0.46534,0.77115,0.15185,0.46866,0.17922,0.20165,1.41723,3.858168889524658
21.0,8.0,0.25812,0.85188,0.27125,0.39493,0.12832,0.21747,1.46494,3.742059995686208
0.0,7.0,0.31982,0.30285,0.30335,0.23414,0.09719,0.3651,1.9521,3.61438999807041
125.0,8.0,0.22208,0.7737,0.42864,0.59201,0.55191,0.22628,0.67042,3.7434266678746555
14.0,8.0,0.28665,0.35386,0.3191,0.4845,0.0801,0.1826,1.63328,3.5428633312066427
146.0,4.0,0.6632,0.47489,0.72193,0.15684,0.18906,0.47179,0.32858,4.416473327933415
22.0,8.0,0.0153,0.41587,0.22396,0.1185,0.10062,0.19727,1.83302,3.0764799933699076
152.0,8.0,0.20868,0.13995,0.28443,0.36453,0.10731,0.16681,1.56726,3.1060766636212818
38.0,10.0,1.44178,1.16374,0.79504,0.57941,0.44453,0.36171,2.73939,7.235046657924657
145.0,10.0,1.52733,1.14524,0.86303,0.58557,0.41203,0.28083,2.69463,7.4235566630172825
61.0,10.0,1.42666,1.18326,0.86733,0.56624,0.14975,0.47678,2.83137,7.385546669680275
111.0,10.0,1.57744,1.1269,0.79579,0.59609,0.35776,0.37895,2.66465,7.392433329315207
46.0,10.0,1.40598,1.13464,0.81091,0.57104,0.41004,0.25492,2.82596,7.3310833328755765
25.0,5.0,1.44015,1.0961,0.8276,0.5737,0.31329,0.44834,2.70485,7.34385999776205
103.0,10.0,1.46468,1.02912,0.81231,0.55211,0.29927,0.47416,2.70749,7.0079399980290695
104.0,0.0,1.36066,1.17278,0.83096,0.58147,0.41904,0.49401,2.47553,7.195869990676256
6.0,0.0,1.44443,1.10476,0.8512,0.56837,0.32331,0.47407,2.5465,7.2453333330663385
144.0,10.0,1.45181,1.08764,0.83121,0.58218,0.40867,0.38254,2.54734,7.294256665058139
67.0,4.0,1.33766,0.99537,0.84917,0.36432,0.08728,0.32288,3.31029,6.577906622009283
7.0,10.0,1.45038,1.08383,0.80565,0.54355,0.21348,0.32865,2.69343,7.0580499996948065
162.0,5.0,1.50796,1.04782,0.779,0.48163,0.14868,0.41077,2.72782,7.005473331858331
34.0,3.0,1.06879,1.02152,0.76146,0.55225,0.10547,0.22553,3.35168,6.905786665789282
121.0,3.0,1.35943,1.08113,0.77758,0.46823,0.12275,0.22202,3.0076,6.863033330472308
51.0,10.0,1.44787,1.09774,0.81487,0.53466,0.28551,0.30452,2.50931,6.985919999949123
19.0,3.0,1.08754,1.03938,0.61415,0.40425,0.14166,0.15776,3.50733,6.311573331616717
12.0,10.0,1.42539,1.05249,0.81959,0.51354,0.26248,0.2424,2.61355,6.843996667099024
66.0,10.0,1.48341,1.16157,0.81455,0.54008,0.29754,0.44963,2.15988,6.886660000381449
85.0,10.0,1.69752,1.03999,0.84542,0.5487,0.35329,0.27571,2.11055,6.804849996604943
94.0,3.0,1.11508,0.7146,0.71143,0.37709,0.18355,0.11735,3.55906,6.47519999970755
130.0,6.0,1.64555,0.86758,0.94719,0.4877,0.46987,0.32706,1.99375,6.531466668802913
161.0,10.0,1.40283,1.08672,0.80991,0.50036,0.27399,0.50156,2.14999,6.714299999910966
28.0,3.0,1.2167,0.90587,0.81883,0.37789,0.11451,0.31595,2.95505,6.322683328717556
115.0,3.0,1.18306,0.98912,0.70835,0.48927,0.08423,0.2418,3.00559,6.560940002822889
4.0,3.0,1.15137,1.06612,0.69711,0.42284,0.07296,0.10989,3.12985,6.509190001246156
37.0,1.0,1.30915,1.00793,0.76376,0.41418,0.03986,0.09929,2.96211,6.459090002517706
160.0,4.0,1.57352,0.87114,0.72993,0.56215,0.35561,0.26591,2.21507,6.549963325347926
163.0,3.0,1.18157,1.03143,0.72183,0.54388,0.21394,0.18056,2.67139,6.52448666659039
91.0,10.0,1.30782,1.09879,0.80315,0.54994,0.17554,0.56237,1.99032,6.4518033328120135
30.0,3.0,1.03032,1.02169,0.59659,0.44735,0.05399,0.15626,3.17471,6.316319990488686
47.0,10.0,1.39488,1.00508,0.83795,0.46562,0.17808,0.1216,2.4744,6.427783334719361
151.0,6.0,1.0893,1.04477,0.64915,0.49553,0.02833,0.58696,2.5796,6.267403329060859
126.0,4.0,1.48953,0.84829,0.59267,0.37904,0.30008,0.15457,2.61482,6.306719998601261
147.0,2.0,1.39729,0.92624,0.79565,0.32377,0.0663,0.25495,2.61523,6.210839987411501
122.0,4.0,1.82427,0.87964,0.71723,0.56679,0.48049,0.32388,1.58224,6.386423327496861
139.0,10.0,1.34253,1.12945,0.87896,0.37545,0.06137,0.17665,2.39663,6.30522998725894
2.0,4.0,1.05266,0.83309,0.61804,0.21006,0.16157,0.07044,3.40904,6.119450002098095
54.0,3.0,0.83454,0.87119,0.54039,0.50379,0.08701,0.28808,3.19863,5.894929995168043
142.0,3.0,1.09686,0.77866,0.50933,0.52234,0.12692,0.16665,3.06852,6.133429998575848
76.0,4.0,1.61714,0.87758,0.63569,0.43166,0.23669,0.15965,2.28085,6.195943331527723
9.0,4.0,1.44024,0.94397,0.65696,0.47375,0.25772,0.17147,2.27405,6.190033325487778
154.0,3.0,1.32572,0.98569,0.52608,0.48453,0.01241,0.31935,2.51394,6.098029999198884
165.0,3.0,1.13367,1.03302,0.61904,0.19847,0.08304,0.0425,2.97468,6.047496672465016
131.0,1.0,1.27973,1.08268,0.70367,0.23391,0.02947,0.13837,2.61065,6.042033332646679
43.0,3.0,0.8737,0.80975,0.596,0.37269,0.10613,0.08877,3.22134,5.972533324991853
89.0,6.0,1.25142,0.88025,0.62366,0.39031,0.09081,0.41474,2.35384,5.869123321952814
105.0,3.0,0.69384,0.89521,0.65213,0.46582,0.16292,0.29773,2.82428,5.890653331635779
164.0,1.0,0.73591,1.1681,0.50163,0.60848,0.28333,0.34326,2.34638,5.854289992701228
68.0,10.0,1.35495,1.04167,0.85102,0.18827,0.02556,0.16684,2.34918,6.012079996032735
41.0,3.0,0.97306,0.85974,0.68613,0.4027,0.18037,0.10074,2.77366,5.955103323542275
13.0,3.0,0.87616,0.68655,0.45569,0.51231,0.10771,0.23684,3.08039,5.445409987716672
71.0,2.0,1.38007,1.06054,0.91491,0.46761,0.18985,0.10224,1.80584,6.077696652921051
73.0,1.0,1.22943,0.95544,0.57386,0.4052,0.11132,0.15011,2.49325,5.7936133289718565
95.0,1.0,0.69177,0.83132,0.52309,0.25202,0.01903,0.19997,3.38007,5.5325833212916
124.0,1.0,1.23228,1.05261,0.58991,0.32682,0.03586,0.02736,2.59115,5.79196332503001
119.0,1.0,1.24585,1.04685,0.69058,0.4519,0.055,0.14443,2.20035,5.849724434382134
137.0,2.0,1.35948,0.72194,0.88645,0.25168,0.07716,0.18824,2.35015,5.992226644325258
16.0,3.0,0.79422,0.83779,0.4697,0.50961,0.07746,0.21698,2.91635,5.748309999145484
84.0,1.0,1.2692,1.06411,0.64674,0.18929,0.0182,0.02025,2.60525,5.840336666781127
11.0,1.0,1.13062,1.04993,0.63104,0.29091,0.17457,0.13942,2.38582,5.753323340670267
108.0,10.0,1.31141,0.81826,0.84142,0.43596,0.16578,0.26322,1.93447,5.854419997851041
132.0,1.0,1.29947,1.05613,0.79151,0.53164,0.03635,0.25738,1.79522,5.905629981931051
117.0,3.0,0.99602,0.81255,0.62994,0.37502,0.05292,0.14527,2.73117,5.732249994049065
157.0,1.0,1.08017,1.03817,0.44006,0.37408,0.28467,0.22567,2.21489,5.549069998257938
93.0,8.0,1.14372,0.75695,0.66189,0.46145,0.05203,0.36951,2.20223,5.608683337078082
83.0,4.0,1.06688,0.95076,0.52304,0.40672,0.10339,0.17087,2.39374,5.57417167073568
79.0,1.0,1.21788,0.95025,0.63952,0.27996,0.0889,0.17445,2.20859,5.550613333574906
36.0,10.0,1.31857,0.70697,0.8488,0.29507,0.05228,0.27906,2.04497,5.552739989128133
116.0,3.0,0.89373,1.11111,0.58295,0.46235,0.07396,0.25296,2.16091,5.494246656112664
123.0,1.0,1.1697,0.72803,0.67602,0.36712,0.00679,0.12889,2.45184,5.605259999046333
44.0,1.0,1.27964,1.05163,0.68098,0.41511,0.18519,0.08423,1.81985,5.611250001843794
70.0,3.0,0.89333,0.96372,0.59469,0.43597,0.04294,0.22245,2.35682,5.482296663780204
35.0,1.0,1.18649,0.60809,0.70524,0.23907,0.04002,0.18434,2.52462,5.499803345985414
58.0,2.0,1.5107,0.87021,0.95277,0.48079,0.31647,0.40097,0.92614,5.677096669909182
133.0,8.0,0.0,0.33613,0.11466,0.56778,0.3118,0.27225,3.83772,5.173110001894654
75.0,1.0,0.90145,0.66062,0.54,0.14396,0.06547,0.27992,2.80998,5.1842099975204485
156.0,4.0,1.16492,0.87717,0.64718,0.23889,0.12348,0.04707,2.29074,5.61045999394735
63.0,6.0,0.95104,0.87625,0.49374,0.39237,0.00322,0.56521,2.03171,5.226403326822931
72.0,4.0,0.99673,0.86216,0.60712,0.36023,0.13297,0.14262,2.20142,5.295696663119025
8.0,1.0,1.12373,0.76042,0.54504,0.35327,0.17914,0.0564,2.2735,5.394200007489521
118.0,6.0,0.81217,0.87877,0.47036,0.54854,0.11757,0.21674,2.23484,5.377889986264545
29.0,2.0,1.0278,0.79381,0.73561,0.44012,0.02745,0.04959,2.17087,5.280990001144385
15.0,7.0,0.8527,0.90836,0.49759,0.46074,0.1616,0.48546,1.82916,5.079921333056756
77.0,1.0,0.56044,0.95434,0.55449,0.40212,0.04762,0.38432,2.28136,5.080033335227949
128.0,1.0,1.03437,0.81329,0.6458,0.15718,0.04339,0.20737,2.27539,5.228769997952767
17.0,1.0,0.93383,0.64367,0.70766,0.09511,0.0,0.29889,2.48406,5.057493331775665
97.0,1.0,1.07838,0.74173,0.63533,0.15111,0.12721,0.17191,2.25531,5.240856668027246
40.0,3.0,1.02787,0.99496,0.57669,0.52259,0.12372,0.21286,1.69626,5.1320566701888914
98.0,4.0,0.84058,0.38595,0.59471,0.25646,0.08404,0.04053,2.94891,5.196776658744814
60.0,1.0,1.24142,0.93164,0.67608,0.1977,0.04472,0.099,1.95473,5.1937266732279355
113.0,7.0,0.68816,0.26135,0.40306,0.14622,0.1388,0.31185,3.18286,4.965083336861929
80.0,4.0,1.12268,0.64184,0.76171,0.26228,0.03061,0.23693,2.07339,5.149556663983668
120.0,10.0,1.27607,0.94367,0.79363,0.44727,0.01521,0.11691,1.53015,5.2713100059000855
86.0,1.0,1.0193,0.78236,0.64738,0.27668,0.07047,0.23507,2.08947,5.095259999376945
166.0,6.0,0.74037,0.79117,0.66157,0.55954,0.11556,0.25075,1.9418,5.105953326466867
134.0,8.0,0.25558,0.75862,0.33108,0.3913,0.36794,0.51479,2.43801,4.895320004653938
155.0,4.0,0.97724,0.43165,0.59577,0.23553,0.0817,0.03936,2.68413,5.129693331260692
53.0,10.0,1.24886,0.75473,0.80029,0.05822,0.04127,0.0,2.12944,5.133223351230606
149.0,1.0,0.48835,0.75602,0.53119,0.43408,0.13509,0.25998,2.39106,4.989273330167146
96.0,2.0,0.98853,1.08983,0.55469,0.35972,0.03285,0.34539,1.53586,4.942296659940078
78.0,6.0,0.68042,0.5497,0.38291,0.52168,0.22423,0.43079,2.08637,4.481856668173472
107.0,8.0,0.75216,0.64498,0.05108,0.27854,0.0305,0.23219,2.88586,4.84376666931046
57.0,3.0,0.69429,0.75596,0.58383,0.26755,0.06906,0.2044,2.29551,4.910136666463232
64.0,4.0,1.11758,0.38857,0.64232,0.22544,0.0557,0.38538,1.99817,4.844899990069086
168.0,8.0,0.61202,0.6376,0.23573,0.42662,0.11479,0.17866,2.58991,4.691295997520454
102.0,7.0,0.44626,0.69699,0.50073,0.37012,0.07008,0.3816,2.32694,4.655699996833805
114.0,4.0,0.67024,0.71629,0.56844,0.17744,0.10613,0.11154,2.40364,4.906650002441408
1.0,1.0,0.9553,0.50163,0.73007,0.31866,0.05301,0.1684,1.92816,4.688430003890989
10.0,7.0,0.54177,0.24749,0.52989,0.39778,0.12583,0.19132,2.60904,4.673079999128987
129.0,8.0,0.36485,0.628,0.0,0.30685,0.08196,0.23897,3.01402,4.530113334690722
65.0,4.0,1.07474,0.59205,0.51076,0.24856,0.13636,0.19589,1.81657,4.629331677739479
101.0,8.0,0.93287,0.70362,0.34745,0.48614,0.10398,0.07795,1.92198,4.525053328285219
24.0,8.0,0.52497,0.62542,0.12698,0.42736,0.06126,0.2268,2.5198,4.494220844335551
45.0,8.0,0.29283,0.37932,0.34578,0.36703,0.1717,0.29522,2.65614,4.433606667086294
136.0,8.0,1.02416,0.96053,0.18611,0.42483,0.08415,0.13656,1.64227,4.485092660245257
140.0,7.0,0.97318,0.84783,0.62007,0.50817,0.07964,0.46978,0.91681,4.594653331451403
62.0,7.0,0.74036,0.29247,0.45091,0.40285,0.08722,0.25028,2.18032,4.394818332786569
100.0,6.0,0.34112,0.69981,0.3988,0.42692,0.20243,0.81971,1.50655,4.341180001513156
42.0,4.0,0.95395,0.49813,0.52116,0.18847,0.10393,0.12706,1.96895,4.392593335683195
5.0,1.0,0.86086,0.62477,0.64083,0.14037,0.03616,0.07793,1.97864,4.387306664975478
74.0,8.0,0.52267,0.7624,0.30147,0.40576,0.06686,0.41328,1.88326,4.345223051219515
159.0,1.0,0.87287,1.01413,0.58628,0.12859,0.01829,0.20363,1.50066,4.441399997698467
52.0,8.0,0.63107,0.49353,0.29681,0.40973,0.0326,0.21203,2.2002,4.286129991277063
33.0,8.0,0.05661,0.80676,0.188,0.15602,0.06075,0.25458,2.74924,4.301253340574906
50.0,1.0,0.83792,0.19249,0.64035,0.32461,0.3188,0.06786,1.87031,4.319193333485905
32.0,8.0,0.77109,0.47799,0.28212,0.37938,0.09753,0.12077,2.10681,4.1897333317375285
127.0,8.0,0.44314,0.77416,0.40457,0.31056,0.11681,0.19103,1.97861,4.175755147560599
20.0,1.0,1.11306,0.92542,0.67806,0.21219,0.00615,0.12793,1.15377,4.97006002382914
92.0,8.0,0.61391,0.84142,0.28639,0.1268,0.17955,0.22686,1.9263,4.244809991734833
169.0,8.0,0.35041,0.71478,0.1595,0.25429,0.08582,0.18503,2.4427,4.273165998318348
88.0,8.0,0.08709,0.147,0.29364,0.4143,0.07564,0.30968,2.82859,4.154366668148022
141.0,8.0,0.63069,0.81928,0.29759,0.0,0.10039,0.18077,2.10995,4.2233033255704235
48.0,8.0,1.15851,0.72368,0.3494,0.28098,0.09314,0.06244,1.45332,4.599780008443196
90.0,8.0,0.31292,0.86333,0.16347,0.27544,0.13647,0.21064,2.11087,4.145555562034183
56.0,3.0,0.34097,0.29561,0.27494,0.12072,0.14476,0.47958,2.37116,4.089956665732075
18.0,8.0,1.09426,0.89186,0.34752,0.44089,0.10769,0.12425,0.96741,4.628900012677516
31.0,8.0,0.27509,0.60323,0.29981,0.15412,0.18437,0.1827,2.25632,3.954829998728431
69.0,8.0,0.55507,0.57576,0.04476,0.40663,0.1553,0.20338,1.97478,4.113793336493176
23.0,6.0,0.55604,0.5375,0.42494,0.58852,0.08092,0.40339,1.31573,4.001129997800192
3.0,8.0,0.84731,0.66366,0.04991,0.00589,0.08434,0.12071,2.09459,3.894569999855352
106.0,8.0,0.1327,0.6053,0.26162,0.38041,0.17176,0.2097,2.09469,3.9251433256149273
138.0,8.0,0.39394,0.18519,0.15781,0.19662,0.13015,0.25899,2.50929,4.113683339554471
27.0,8.0,0.42214,0.63178,0.03824,0.12807,0.04952,0.18667,2.30637,3.8799866701889036
21.0,8.0,0.31995,0.63054,0.21297,0.3337,0.12533,0.24353,1.87319,3.7383300054577413
158.0,8.0,0.34719,0.90981,0.19625,0.43653,0.06442,0.27102,1.51416,3.9026022053994165
167.0,4.0,0.57939,0.47493,0.31048,0.2287,0.05892,0.09821,1.97295,3.8671766622543413
87.0,8.0,0.27954,0.46115,0.37109,0.13684,0.07506,0.2204,2.15075,3.7073399990526936
150.0,8.0,0.47155,0.77623,0.357,0.3176,0.05099,0.31472,1.37769,3.869273327217114
82.0,8.0,0.10706,0.50353,0.23165,0.25748,0.04852,0.24063,2.23284,3.7261833363755454
55.0,8.0,0.22415,0.3109,0.18829,0.30953,0.1192,0.29914,2.15604,3.640573330688473
125.0,8.0,0.32846,0.61586,0.31865,0.5432,0.50521,0.23552,0.96819,3.9853833315277076
14.0,8.0,0.39499,0.10419,0.21028,0.39747,0.06681,0.2018,2.10812,3.5392399981021967
0.0,7.0,0.38227,0.11037,0.17344,0.1643,0.07112,0.31268,2.14558,3.6029966557884254
152.0,8.0,0.28123,0.0,0.24811,0.34678,0.11587,0.17517,2.1354,3.34272666493734
146.0,4.0,0.74719,0.14866,0.62994,0.06912,0.17233,0.48397,0.81789,3.48835999460092
22.0,8.0,0.06831,0.23442,0.15747,0.0432,0.09419,0.2029,2.10404,3.0138866625781175
111.0,9.0,1.61646318435669,1.53352355957031,0.796666502952576,0.635422587394714,0.315963834524155,0.36201223731041,2.27702665328979,7.423773430411025
38.0,9.0,1.48238301277161,1.55112159252167,0.792565524578094,0.626006722450256,0.40077006816864,0.355280488729477,2.31370735168457,7.4346265845167405
61.0,9.0,1.480633020401,1.6105740070343,0.833552122116089,0.627162635326385,0.153526559472084,0.475540220737457,2.32271528244019,7.450850109217325
145.0,9.0,1.56497955322266,1.51691174507141,0.858131289482117,0.620070576667786,0.367007285356522,0.290549278259277,2.2767162322998,7.396803306708867
46.0,9.0,1.44357192516327,1.5402467250824,0.80915766954422,0.617950856685638,0.38261154294014,0.24548277258873,2.4301815032959,7.233846654828392
103.0,9.0,1.50394463539124,1.42893922328949,0.810696125030518,0.585384488105774,0.282661825418472,0.470489829778671,2.29480409622192,7.3304399176661175
25.0,9.0,1.47920441627502,1.48134899139404,0.83455765247345,0.611100912094116,0.287371516227722,0.435539722442627,2.18726444244385,7.255676662152608
104.0,9.0,1.40570604801178,1.54819512367249,0.816759705543518,0.614062130451202,0.382816702127457,0.500005125999451,2.0464563369751,7.270946743844987
144.0,9.0,1.49438726902008,1.47816216945648,0.830875158309937,0.612924098968506,0.384398728609085,0.385399252176285,2.09753799438477,7.2581399579493215
6.0,9.0,1.484414935112,1.51004195213318,0.84388679265976,0.601607382297516,0.301183730363846,0.477699249982834,2.06521081924438,7.233506669425965
67.0,9.0,1.37538242340088,1.37628996372223,0.83840399980545,0.405988603830338,0.0852421000599861,0.330082654953003,2.80175733566284,7.002959883371991
34.0,9.0,1.10970628261566,1.41640365123749,0.759509265422821,0.580131649971008,0.100106589496136,0.214613229036331,2.89863920211792,6.680923337834679
7.0,9.0,1.48709726333618,1.4599449634552,0.815328419208527,0.567766189575195,0.221060365438461,0.316472321748734,2.1385064125061,7.002553371861776
162.0,9.0,1.54625928401947,1.41992056369781,0.77428662776947,0.505740523338318,0.135638788342476,0.392578780651093,2.2181134223938,6.900763352216088
66.0,9.0,1.53570663928986,1.55823111534119,0.80978262424469,0.573110342025757,0.29838815331459,0.42785832285881,1.77386903762817,7.106720027961741
51.0,9.0,1.48792338371277,1.47252035140991,0.798950731754303,0.562511384487152,0.276731938123703,0.336269170045853,2.01576995849609,6.967693468221029
12.0,9.0,1.46378076076508,1.46231269836426,0.818091869354248,0.539770722389221,0.251343131065369,0.231503337621689,2.12421035766602,6.680716664937333
85.0,9.0,1.74194359779358,1.45758366584778,0.845089495182037,0.59662789106369,0.31883442401886,0.283180981874466,1.61951208114624,6.917666660270695
161.0,9.0,1.44163393974304,1.49646008014679,0.805335938930511,0.508190035820007,0.265428066253662,0.492774158716202,1.70414352416992,6.8264233376820815
28.0,9.0,1.25278460979462,1.28402495384216,0.819479703903198,0.376895278692245,0.0822879821062088,0.326662421226501,2.50958585739136,6.493019980417893
160.0,9.0,1.62634336948395,1.26641023159027,0.726798236370087,0.60834527015686,0.324489563703537,0.3609419465065,1.734703540802,6.645946514282229
19.0,9.0,1.10735321044922,1.43130600452423,0.616552352905273,0.437453746795654,0.111092761158943,0.16234989464283,2.76926708221436,6.156049975579579
37.0,9.0,1.35268235206604,1.43388521671295,0.754444003105164,0.490946173667908,0.0368729270994663,0.0881067588925362,2.45186185836792,6.457770124702456
4.0,9.0,1.18529546260834,1.44045114517212,0.695137083530426,0.494519203901291,0.059739887714386,0.109457060694695,2.61400532722473,6.303126688563035
94.0,9.0,1.15318381786346,1.210862159729,0.709978997707367,0.412730008363724,0.132774114608765,0.120990432798862,2.83715486526489,6.475713374811808
130.0,9.0,1.69227766990662,1.35381436347961,0.949492394924164,0.549840569496155,0.46430778503418,0.345965981483459,1.21636199951172,6.57912334725698
91.0,9.0,1.34327983856201,1.48841166496277,0.821944236755371,0.588767051696777,0.153066068887711,0.574730575084686,1.55686283111572,6.668573303209943
163.0,9.0,1.21755969524384,1.41222786903381,0.719216823577881,0.57939225435257,0.178061872720718,0.175096929073334,2.17240953445435,6.380286653086347
54.0,9.0,0.872001945972443,1.25558519363403,0.540239989757538,0.531310617923737,0.0772232785820961,0.283488392829895,2.89389109611511,6.169976647631329
115.0,9.0,1.23374843597412,1.37319254875183,0.706156134605408,0.550026834011078,0.070983923971653,0.21055693924427,2.30719995498657,6.181663318481446
47.0,9.0,1.43092346191406,1.38777685165405,0.844465851783752,0.470222115516663,0.172502428293228,0.129762306809425,2.00595474243164,6.381716607589725
151.0,9.0,1.12786877155304,1.42579245567322,0.647239029407501,0.580200731754303,0.0316127352416515,0.572123110294342,2.03950834274292,6.1814365428161615
148.0,9.0,1.43362653255463,1.38456535339355,0.793984234333038,0.361466586589813,0.0638292357325554,0.258360475301743,2.1266074180603,6.384063281529745
139.0,9.0,1.38439786434174,1.53209090232849,0.888960599899292,0.408781230449677,0.0709140971302986,0.190133571624756,1.92775774002075,6.384326580810547
122.0,9.0,1.87076568603516,1.27429687976837,0.710098087787628,0.604130983352661,0.439299255609512,0.330473870038986,1.1454644203186,6.449153307902022
30.0,9.0,1.07062232494354,1.4021829366684,0.595027923583984,0.477487415075302,0.0466687418520451,0.149014472961426,2.61606812477112,6.048326648553208
126.0,9.0,1.53062355518341,1.28667759895325,0.590148329734802,0.449750572443008,0.27343225479126,0.147616013884544,2.0654296875,6.088553313941959
154.0,9.0,1.36135590076447,1.3802285194397,0.519983291625977,0.518630743026733,0.0089648161083459,0.325296461582184,2.05324745178223,6.000513313967386
76.0,9.0,1.63295245170593,1.25969874858856,0.632105708122253,0.496337592601776,0.215159550309181,0.228289797902107,1.64042520523071,6.1058466698074385
131.0,9.0,1.32539355754852,1.50505924224854,0.712732911109924,0.295817464590073,0.0242108516395092,0.136544480919838,2.09777665138245,6.0610266928227725
9.0,9.0,1.48841226100922,1.32311046123505,0.653133034706116,0.536746919155121,0.257042169570923,0.172668486833572,1.65614938735962,6.135739931767781
89.0,9.0,1.29121541976929,1.28464603424072,0.618784427642822,0.402264982461929,0.0656007081270218,0.416608929634094,2.00444889068604,5.97105998174031
105.0,9.0,0.737299203872681,1.28721570968628,0.653095960617065,0.447551846504211,0.130687981843948,0.301674216985703,2.51393055915833,5.7672899677022285
41.0,9.0,1.00082039833069,1.28616881370544,0.685636222362518,0.4551981985569,0.140134647488594,0.150112465023994,2.29035258293152,5.931659927228293
43.0,9.0,0.909784495830536,1.18212509155273,0.596018552780151,0.432452529668808,0.0899809598922729,0.0782579854130745,2.7145938873291,5.938196511351266
119.0,9.0,1.29178786277771,1.44571197032928,0.699475347995758,0.520342111587524,0.0593078061938286,0.158465966582298,1.79772281646729,5.992909984690354
164.0,9.0,0.786441087722778,1.54896914958954,0.498272627592087,0.658248662948608,0.246528223156929,0.415983647108078,1.81691360473633,5.391489986317952
68.0,9.0,1.39506661891937,1.44492328166962,0.853144347667694,0.256450712680817,0.0280280914157629,0.17278964817524,1.81331205368042,6.040223311538695
124.0,9.0,1.28177809715271,1.46928238868713,0.547349333763123,0.373783111572266,0.0329628810286522,0.0522638224065304,2.20560741424561,5.8416998858006774
13.0,9.0,0.907975316047668,1.08141779899597,0.450191766023636,0.547509372234344,0.0965810716152191,0.240015640854836,2.63195562362671,5.702276572726566
71.0,9.0,1.41691517829895,1.43633782863617,0.913475871086121,0.505625545978546,0.163760736584663,0.12057276815176,1.36322355270386,6.354399985911053
84.0,9.0,1.31458234786987,1.47351610660553,0.62894994020462,0.234231784939766,0.0118656428530812,0.010164656676352,2.22844052314758,5.850839966799417
2.0,9.0,1.09186446666718,1.1462174654007,0.617584645748138,0.233335807919502,0.146096110343933,0.0694366469979286,2.56760382652283,5.836423455539279
79.0,9.0,1.26074862480164,1.40471494197845,0.638566970825195,0.325707912445068,0.0738427266478539,0.153074786067009,1.99365520477295,5.717013288548785
137.0,9.0,1.40167844295502,1.12827444076538,0.900214076042175,0.257921665906906,0.0632826685905457,0.206674367189407,1.88037800788879,5.902863220125834
95.0,9.0,0.728870630264282,1.25182557106018,0.589465200901031,0.240729048848152,0.0100912861526012,0.208779126405716,2.80780839920044,5.743293223762511
123.0,9.0,1.21768391132355,1.15009129047394,0.685158312320709,0.457003742456436,0.00438790069893,0.133519917726517,2.17683148384094,5.741920997823081
16.0,9.0,0.833756566047668,1.22761905193329,0.473630249500275,0.558732926845551,0.0604777261614799,0.22556072473526,2.44327902793884,5.796669955215453
157.0,9.0,1.13077676296234,1.49314916133881,0.437726080417633,0.41827192902565,0.259270340204239,0.24992498755455,1.83290982246399,5.677520012395221
73.0,9.0,1.28455626964569,1.38436901569366,0.606041550636292,0.437454283237457,0.119282886385918,0.201964423060417,1.78489255905151,5.818470272653899
108.0,9.0,1.3469113111496,1.18630337715149,0.834647238254547,0.471203625202179,0.155353352427483,0.266845703125,1.54915761947632,6.247029978370665
132.0,9.0,1.3412059545517,1.45251882076263,0.790828227996826,0.572575807571411,0.0451289787888527,0.242649093270302,1.31331729888916,5.95427993598938
117.0,9.0,1.03522527217865,1.21877038478851,0.630166113376617,0.450002878904343,0.0470490865409374,0.126819714903831,2.20726943016052,5.634654415086111
93.0,9.0,1.18939554691315,1.20956099033356,0.638007462024689,0.491247326135635,0.0421815551817417,0.360933750867844,1.6975839138031,5.64584345383962
36.0,9.0,1.35593807697296,1.13136327266693,0.84471470117569,0.355111539363861,0.0412379764020443,0.271254301071167,1.62124919891357,5.761479880663555
44.0,9.0,1.32087934017181,1.47667109966278,0.695168316364288,0.479131430387497,0.183248922228813,0.0988908112049103,1.35750865936279,6.088819984296173
11.0,9.0,1.15655755996704,1.44494521617889,0.637714266777039,0.295400261878967,0.156313821673393,0.15513750910759,1.72323298454285,5.544439858334858
83.0,9.0,1.10180306434631,1.35756433010101,0.520169019699097,0.465733230113983,0.0926102101802826,0.152073666453362,1.83501124382019,5.534696722412109
156.0,9.0,1.19827437400818,1.33775317668915,0.637605607509613,0.300740599632263,0.0996715798974037,0.0466930419206619,1.87927794456482,5.590496659914652
116.0,9.0,0.932537317276001,1.50728487968445,0.579250693321228,0.473507791757584,0.091065913438797,0.224150657653809,1.6853334903717,5.427460014355977
59.0,9.0,1.55167484283447,1.26279091835022,0.943062424659729,0.490968644618988,0.293933749198914,0.374465793371201,0.554633140563965,5.848666743062336
118.0,9.0,0.85769921541214,1.25391757488251,0.468009054660797,0.585214674472809,0.0993318930268288,0.193513423204422,1.97260475158691,5.382556547912597
128.0,9.0,1.06931757926941,1.25818979740143,0.65078467130661,0.208715528249741,0.0409037806093693,0.220125883817673,1.94708442687988,5.365519981829325
72.0,9.0,0.991012394428253,1.23908889293671,0.604590058326721,0.418421149253845,0.11980327218771,0.172170460224152,1.79117655754089,5.322567056123419
60.0,9.0,1.2860119342804,1.34313309192657,0.687763452529907,0.175863519310951,0.0366369374096394,0.0784016624093056,1.71645927429199,5.412496608212787
70.0,9.0,0.925579309463501,1.36821806430817,0.641022384166718,0.474307239055634,0.0552677810192108,0.233818337321281,1.61232566833496,5.369279923087225
35.0,9.0,1.22255623340607,0.96798300743103,0.701288521289825,0.255772292613983,0.0431031100451946,0.248002976179123,1.85449242591858,5.2721934700902295
75.0,9.0,0.951484382152557,1.13785350322723,0.541452050209045,0.260287940502167,0.0574716180562973,0.319931447505951,2.01054072380066,5.204533201001485
29.0,9.0,1.08116579055786,1.16083741188049,0.741415500640869,0.472787708044052,0.0227942746132612,0.0288068410009146,1.76493859291077,5.553273342256546
113.0,9.0,0.72688353061676,0.672690689563751,0.402047783136368,0.23521526157856,0.124348066747189,0.315446019172668,2.79248929023743,5.07267669869105
63.0,9.0,0.995538592338562,1.27444469928741,0.492345720529556,0.443323463201523,0.0153171354904771,0.611704587936401,1.42947697639465,5.200126715596518
165.0,9.0,1.12843120098114,1.43133759498596,0.617144227027893,0.153997123241425,0.0644911229610443,0.0650196298956871,1.78946375846863,5.3849766567103075
97.0,9.0,1.12112903594971,1.23837649822235,0.667464673519135,0.194989055395126,0.0881741940975189,0.197911024093628,1.72919154167175,5.3023799929682385
98.0,9.0,0.878114581108093,0.774864435195923,0.59771066904068,0.408158332109451,0.0877631828188896,0.0322099551558495,2.45618939399719,5.167726648737593
8.0,9.0,1.15360176563263,1.15240025520325,0.540775775909424,0.398155838251114,0.180987507104874,0.0452693402767181,1.76248168945312,5.289730129165651
40.0,9.0,1.07937383651733,1.40241670608521,0.574873745441437,0.55258983373642,0.113945253193378,0.186967849731445,1.31946516036987,5.379430010960898
53.0,9.0,1.28948748111725,1.23941457271576,0.810198903083801,0.0957312509417534,0.04328977689147,0.0,1.74922156333923,5.335730142860411
80.0,9.0,1.07498753070831,1.12962424755096,0.735081076622009,0.288515985012054,0.037513829767704,0.264450758695602,1.69507384300232,5.228689940071105
120.0,9.0,1.3151752948761,1.36704301834106,0.795843541622162,0.498465299606323,0.0158694516867399,0.0951027125120163,1.10768270492554,5.463910109392804
17.0,9.0,0.982409417629242,1.0693359375,0.705186307430267,0.204403176903725,0.0,0.328867495059967,1.89217257499695,5.071436662178033
57.0,9.0,0.730573117733002,1.14394497871399,0.582569479942322,0.348079860210419,0.0733454525470734,0.236188873648643,2.06581115722656,5.094896646283471
86.0,9.0,1.06457793712616,1.20789301395416,0.644948184490204,0.325905978679657,0.0602777935564518,0.25376096367836,1.6174693107605,5.223454553841483
133.0,9.0,0.0226431842893362,0.721151351928711,0.113989137113094,0.602126955986023,0.282410323619843,0.291631311178207,3.11748456954956,5.155186683362328
166.0,9.0,0.788547575473785,1.27749133110046,0.652168989181519,0.571055591106415,0.0876332372426987,0.234968051314354,1.46231865882874,5.122286585044861
107.0,9.0,0.783756256103516,1.21577048301697,0.0569157302379608,0.394952565431595,0.0261215660721064,0.230947196483612,2.36539053916931,5.028423319939504
149.0,9.0,0.524713635444641,1.27146327495575,0.529235124588013,0.471566706895828,0.146377146244049,0.248997643589973,1.84904932975769,4.9987932636133845
15.0,9.0,0.885416388511658,1.34012651443481,0.495879292488098,0.501537680625916,0.173380389809608,0.474054545164108,1.14018440246582,5.1701713382415875
77.0,9.0,0.596220076084137,1.39423859119415,0.553457796573639,0.454943388700485,0.0394391790032387,0.42858037352562,1.53672313690186,5.027920118370057
102.0,9.0,0.479820191860199,1.17928326129913,0.504130780696869,0.440305948257446,0.0729755461215973,0.394096165895462,1.8912410736084,4.872213260129297
96.0,9.0,1.02723586559296,1.4930112361908,0.557783484458923,0.394143968820572,0.0329022891819477,0.338464230298996,1.11129236221313,5.035066630198162
136.0,9.0,1.05469870567322,1.38478863239288,0.187080070376396,0.479246735572815,0.0725094974040985,0.139362379908562,1.51090860366821,4.901883327687583
155.0,9.0,1.00726580619812,0.868351459503174,0.613212049007416,0.289680689573288,0.0867231488227844,0.0496933571994305,1.89025115966797,4.822896545867921
114.0,9.0,0.716249227523804,1.15564715862274,0.565666973590851,0.25471106171608,0.0892826020717621,0.114173173904419,1.8788902759552,4.812113381385803
42.0,9.0,0.989701807498932,0.997471392154694,0.520187258720398,0.282110154628754,0.114381365478039,0.128631442785263,1.70216107368469,4.709116755879719
20.0,9.0,1.1614590883255,1.43437945842743,0.708217680454254,0.289231717586517,0.0110515309497714,0.113177694380283,0.996139287948608,5.016153461697896
129.0,9.0,0.36842092871666,0.984136044979095,0.0055647538974881,0.318697690963745,0.0710951760411263,0.293040901422501,2.66845989227295,4.535425567985109
24.0,9.0,0.564305365085602,0.946018218994141,0.132892116904259,0.430388748645782,0.0513066314160824,0.236298456788063,2.3336455821991,4.656396782455445
64.0,9.0,1.15687310695648,0.711551249027252,0.639333188533783,0.249322608113289,0.048761073499918,0.387242913246155,1.49873495101929,4.831396618296308
1.0,9.0,0.996192753314972,0.803685247898102,0.731159746646881,0.381498634815216,0.0398642159998417,0.201312944293022,1.49044156074524,4.75194670454661
10.0,9.0,0.586682975292206,0.735131740570068,0.533241033554077,0.478356659412384,0.123717859387398,0.172255352139473,1.97873616218567,4.58798333859126
101.0,9.0,0.964434325695038,1.0984708070755,0.33861181139946,0.520303547382355,0.0931469723582268,0.0771337449550629,1.4818902015686,4.609176662813825
74.0,9.0,0.560479462146759,1.06795072555542,0.309988349676132,0.452763766050339,0.0646413192152977,0.444860309362411,1.6519021987915,4.518744978106819
99.0,9.0,0.234305649995804,0.870701014995575,0.106654435396194,0.480791091918945,0.179436385631561,0.322228103876114,2.35565090179443,4.586195679670971
100.0,9.0,0.367110550403595,1.12323594093323,0.397522568702698,0.514492034912109,0.188816204667091,0.838075160980225,1.11529040336609,4.415123322944638
127.0,9.0,0.479309022426605,1.17969191074371,0.409362852573395,0.377922266721725,0.115460447967052,0.183468893170357,1.78964614868164,4.443067414538066
168.0,9.0,0.636406779289246,1.00318729877472,0.257835894823074,0.461603492498398,0.0782135501503944,0.249580144882202,1.82670545578003,4.469347453298568
65.0,9.0,1.10271048545837,0.978613197803497,0.501180469989777,0.288555532693863,0.107215754687786,0.19963726401329,1.31890726089478,4.610646808675129
48.0,9.0,1.1982102394104,1.1556202173233,0.356578588485718,0.312328577041626,0.0760467872023582,0.0437853783369064,1.32291626930237,4.830666696383155
45.0,9.0,0.339233845472336,0.86466920375824,0.353409707546234,0.408842742443085,0.165455713868141,0.312650740146637,2.01574373245239,4.251731821983801
140.0,9.0,1.00985014438629,1.25997638702393,0.625130832195282,0.561213254928589,0.0736539661884308,0.490863561630249,0.419389247894287,4.714780029792788
5.0,9.0,0.900596737861633,1.00748372077942,0.637524425983429,0.198303267359734,0.0266744215041399,0.0834880918264389,1.5214991569519,4.499383289065889
62.0,9.0,0.792221248149872,0.754372596740723,0.455427616834641,0.469987004995346,0.0922268852591515,0.231538489460945,1.5191171169281,4.389040032825468
92.0,9.0,0.648457288742065,1.2720308303833,0.285349279642105,0.0960980430245399,0.136957004666328,0.201870024204254,1.65163731575012,4.335279886487325
32.0,9.0,0.808964252471924,0.832044363021851,0.28995743393898,0.435025870800018,0.0796181336045265,0.120852127671242,1.72413563728333,4.348983264961245
50.0,9.0,0.950612664222717,0.57061493396759,0.649546980857849,0.309410035610199,0.251666635274887,0.0540088154375553,1.50013780593872,4.589869998372391
33.0,9.0,0.0921023488044739,1.22902345657349,0.191407024860382,0.235961347818375,0.0602413564920425,0.246455833315849,2.22495865821838,4.359843464342752
90.0,9.0,0.476180493831635,1.28147339820862,0.169365674257278,0.306613743305206,0.104970246553421,0.183354198932648,1.66819095611572,4.258392696720123
69.0,9.0,0.603048920631409,0.904780030250549,0.0486421696841717,0.447706192731857,0.130061775445938,0.201237469911575,1.84496426582336,4.411057493340177
23.0,9.0,0.601765096187592,1.00623834133148,0.429783403873444,0.633375823497772,0.0681059509515762,0.385922968387604,1.04294109344482,4.4759966626421575
141.0,9.0,0.65951669216156,1.21400856971741,0.290920823812485,0.0149958552792668,0.089847519993782,0.182317450642586,1.68706583976746,4.270756642920175
52.0,9.0,0.667224824428558,0.873664736747742,0.295637726783752,0.423026293516159,0.0253363698720932,0.256923943758011,1.57786750793457,4.349166596202851
159.0,9.0,0.89465194940567,1.39453756809235,0.575903952121735,0.122974775731564,0.0230294708162546,0.270061463117599,0.814382314682007,4.5881299885940585
158.0,9.0,0.381430715322495,1.12982773780823,0.217632606625557,0.443185955286026,0.057069718837738,0.325766056776047,1.526362657547,4.123359904130302
21.0,9.0,0.3502277135849,1.04328000545502,0.215844258666039,0.324367851018906,0.120328105986118,0.250864684581757,1.72721290588379,4.028555594877666
106.0,9.0,0.161925330758095,0.993025004863739,0.26850500702858,0.36365869641304,0.138572946190834,0.228673845529556,1.87398338317871,4.058405481832294
88.0,9.0,0.233442038297653,0.512568831443787,0.315089583396912,0.466914653778076,0.0727116540074348,0.287170469760895,2.08178615570068,3.8998900141938537
27.0,9.0,0.438012987375259,0.953855872154236,0.0411347150802612,0.16234202682972,0.0535818822681904,0.216113850474358,2.07123804092407,4.003770081138611
169.0,9.0,0.375846534967422,1.08309590816498,0.196763753890991,0.336384207010269,0.0953753814101219,0.189143493771553,1.59797024726868,3.9147426657257083
81.0,9.0,0.521021246910095,1.19009518623352,0.0,0.390661299228668,0.119094640016556,0.157497271895409,1.42983531951904,4.043903383820852
3.0,9.0,0.858428180217743,1.10441195964813,0.0498686656355858,0.0,0.0697203353047371,0.097926490008831,1.61448240280151,3.935066701707389
0.0,9.0,0.401477217674255,0.581543326377869,0.180746778845787,0.106179520487785,0.0611578300595284,0.311870932579041,2.15080118179321,3.7008199469105376
18.0,9.0,1.12209415435791,1.22155499458313,0.341755509376526,0.505196332931519,0.0985831990838051,0.0993484482169151,0.3779137134552,5.20297667893728
14.0,9.0,0.431085407733917,0.435299843549728,0.209930211305618,0.425962775945663,0.0609290152788162,0.207948461174965,1.88563096523285,3.8261799902852363
87.0,9.0,0.305808693170547,0.913020372390747,0.375223308801651,0.189196765422821,0.0672319754958153,0.208732530474663,1.58461260795593,3.808984203580222
56.0,9.0,0.368610262870789,0.640449821949005,0.277321130037308,0.0303698573261499,0.0998721495270729,0.489203780889511,1.69716763496399,3.6273232848230994
167.0,9.0,0.591683447360992,0.93538224697113,0.310080915689468,0.249463722109795,0.0567674227058887,0.104125209152699,1.34560060501099,3.7829866199239124
138.0,9.0,0.39724862575531,0.601323127746582,0.163486003875732,0.147062435746193,0.116793513298035,0.285670816898346,1.87956738471985,3.6374467118040714
82.0,9.0,0.119041793048382,0.872117936611176,0.229918196797371,0.332881182432175,0.0389482490718365,0.26654988527298,1.67328596115112,4.07541333399455
55.0,9.0,0.244549930095673,0.791244685649872,0.194129139184952,0.348587512969971,0.110937617719173,0.264815092086792,1.55231189727783,3.686982201692794
152.0,9.0,0.305444717407227,0.431882530450821,0.247105568647385,0.38042613863945,0.0956650152802467,0.196896150708199,1.83722925186157,3.577466596082051
125.0,9.0,0.368745893239975,0.945707023143768,0.326424807310104,0.581843852996826,0.455220013856888,0.252756029367447,0.540061235427856,4.211803332087192
146.0,9.0,0.777153134346008,0.396102607250214,0.50053334236145,0.0815394446253777,0.151347130537033,0.493663728237152,1.06157350540161,3.590549932046675
150.0,9.0,0.511135876178741,1.04198980331421,0.364509284496307,0.390017777681351,0.0660351067781448,0.354256361722946,0.621130466461182,4.3173774790573125
22.0,9.0,0.091622568666935,0.629793584346771,0.151610791683197,0.0599007532000542,0.0841479450464249,0.204435184597969,1.68302416801453,3.158149988536376
26.0,9.0,0.0,0.0,0.0187726859003305,0.270842045545578,0.0565650761127472,0.280876487493515,2.06600475311279,3.0471233827940614
46.0,9.0,1.305,1.592,0.874,0.681,0.393,0.202,0.0,7.0923233308156375
111.0,9.0,1.456,1.582,0.861,0.686,0.34,0.286,0.0,7.536686669044521
38.0,9.0,1.351,1.59,0.868,0.683,0.408,0.284,0.0,7.4797799987750615
61.0,9.0,1.343,1.644,0.914,0.677,0.138,0.353,0.0,7.399933336334187
145.0,9.0,1.42,1.549,0.927,0.66,0.357,0.256,0.0,7.390373334253127
103.0,9.0,1.361,1.488,0.878,0.638,0.295,0.333,0.0,7.322726666755675
25.0,9.0,1.33,1.532,0.896,0.653,0.291,0.321,0.0,7.2902166669209665
104.0,9.0,1.268,1.601,0.876,0.669,0.389,0.365,0.0,7.266786669604006
144.0,9.0,1.355,1.501,0.913,0.659,0.383,0.285,0.0,7.322490002763128
6.0,9.0,1.34,1.573,0.91,0.647,0.302,0.361,0.0,7.291173330891913
161.0,9.0,1.244,1.433,0.888,0.464,0.082,0.262,0.0,6.890456663614932
7.0,9.0,1.341,1.504,0.891,0.617,0.224,0.242,0.0,6.989296665089895
34.0,9.0,1.01,1.459,0.817,0.632,0.101,0.143,0.0,6.048419999491369
66.0,9.0,1.448,1.583,0.876,0.614,0.306,0.307,0.0,7.3779166732724635
51.0,9.0,1.34,1.474,0.861,0.586,0.28,0.273,0.0,6.999856665992722
12.0,9.0,1.324,1.483,0.894,0.583,0.24,0.188,0.0,6.814556664962752
85.0,9.0,1.576,1.52,0.896,0.632,0.321,0.196,0.0,6.939733332341537
162.0,9.0,1.398,1.471,0.819,0.547,0.133,0.291,0.0,6.8808166690317645
67.0,9.0,1.301,1.559,0.883,0.533,0.272,0.354,0.0,6.85478333796185
160.0,9.0,2.096,0.776,0.67,0.284,0.0,0.186,0.0,6.341093331981204
37.0,9.0,1.233,1.489,0.854,0.543,0.034,0.064,0.0,6.114503335405994
91.0,9.0,1.27,1.525,0.884,0.645,0.142,0.376,0.0,6.755580000394167
47.0,9.0,1.293,1.466,0.908,0.52,0.176,0.098,0.0,6.454216667175302
94.0,9.0,1.038,1.252,0.761,0.479,0.095,0.069,0.0,6.243409998334272
28.0,9.0,1.131,1.331,0.808,0.431,0.061,0.197,0.0,6.234910000228909
147.0,9.0,1.365,1.436,0.857,0.418,0.078,0.151,0.0,6.33216330315908
115.0,9.0,1.112,1.438,0.759,0.597,0.063,0.125,0.0,6.339299996681224
19.0,9.0,0.986,1.474,0.675,0.493,0.088,0.11,0.0,6.139513329505941
4.0,9.0,1.073,1.468,0.744,0.57,0.054,0.062,0.0,6.225380001703883
54.0,9.0,0.781,1.268,0.608,0.604,0.071,0.179,0.0,5.533873325271596
163.0,9.0,1.093,1.459,0.771,0.625,0.155,0.13,0.0,6.323003332150762
122.0,9.0,1.649,1.303,0.748,0.654,0.171,0.256,0.0,6.5453566492589434
126.0,9.0,1.379,1.331,0.633,0.509,0.127,0.098,0.0,6.230990000050887
130.0,9.0,1.529,1.451,1.008,0.631,0.457,0.261,0.0,6.592339998092672
89.0,9.0,1.161,1.258,0.669,0.356,0.059,0.311,0.0,6.028596671358717
139.0,9.0,1.251,1.538,0.965,0.449,0.074,0.142,0.0,6.299709995625791
30.0,9.0,0.96,1.439,0.635,0.531,0.039,0.099,0.0,5.630396657905577
153.0,9.0,1.223,1.492,0.564,0.575,0.019,0.171,0.0,5.721053322397867
131.0,9.0,1.21,1.537,0.776,0.354,0.014,0.118,0.0,6.067123335800175
43.0,9.0,0.806,1.231,0.639,0.461,0.082,0.065,0.0,5.88303332822162
105.0,9.0,0.668,1.319,0.7,0.527,0.128,0.208,0.0,5.930973331540441
119.0,9.0,1.176,1.448,0.781,0.546,0.064,0.108,0.0,6.126626665000936
9.0,9.0,1.338,1.366,0.698,0.594,0.123,0.243,0.0,6.323903319295252
164.0,9.0,0.719,1.584,0.605,0.724,0.259,0.328,0.0,5.478219990018211
76.0,9.0,1.474,1.301,0.675,0.554,0.106,0.167,0.0,6.11895998542786
151.0,9.0,1.016,1.417,0.707,0.637,0.029,0.364,0.0,5.496116660779326
68.0,9.0,1.264,1.501,0.946,0.281,0.028,0.137,0.0,6.094446666742954
41.0,9.0,0.889,1.33,0.736,0.556,0.12,0.114,0.0,5.94906999815621
13.0,9.0,0.807,1.101,0.474,0.593,0.089,0.183,0.0,5.638393328847867
84.0,9.0,1.197,1.527,0.716,0.35,0.006,0.026,0.0,5.874920001017248
132.0,9.0,1.219,1.506,0.856,0.633,0.051,0.16,0.0,6.051129997520467
123.0,9.0,1.116,1.219,0.726,0.528,0.001,0.088,0.0,5.698430003382368
79.0,9.0,1.148,1.454,0.671,0.363,0.066,0.092,0.0,5.77009041531085
71.0,9.0,1.294,1.462,0.988,0.553,0.15,0.079,0.0,6.392163334452315
93.0,9.0,1.09,1.387,0.684,0.584,0.05,0.245,0.0,5.860866659838376
70.0,9.0,0.819,1.493,0.693,0.575,0.031,0.096,0.0,5.78914666362763
137.0,9.0,1.266,1.204,0.955,0.244,0.051,0.175,0.0,5.879929992574056
110.0,9.0,1.229,1.211,0.909,0.495,0.154,0.179,0.0,5.928513331743888
124.0,9.0,1.151,1.479,0.599,0.399,0.025,0.065,0.0,5.7502437477922195
73.0,9.0,1.143,1.516,0.631,0.454,0.121,0.148,0.0,5.797907069389011
36.0,9.0,1.229,1.191,0.909,0.423,0.035,0.202,0.0,5.799149997444132
16.0,9.0,0.751,1.223,0.508,0.606,0.054,0.141,0.0,5.627609996108988
44.0,9.0,1.2,1.532,0.737,0.553,0.174,0.086,0.0,5.902150000012731
116.0,9.0,0.835,1.522,0.615,0.541,0.074,0.162,0.0,5.464916660474142
117.0,9.0,0.934,1.249,0.674,0.53,0.034,0.092,0.0,5.638836666564948
75.0,9.0,0.855,1.23,0.578,0.448,0.023,0.274,0.0,5.465356666946428
95.0,9.0,0.657,1.301,0.62,0.232,0.0,0.171,0.0,5.327399997100847
157.0,9.0,1.016,1.533,0.517,0.417,0.037,0.199,0.0,5.063499995155335
60.0,9.0,1.171,1.401,0.732,0.259,0.022,0.061,0.0,5.414753351135253
83.0,9.0,0.985,1.35,0.553,0.496,0.148,0.116,0.0,5.467533332163504
118.0,9.0,0.775,1.312,0.513,0.643,0.105,0.12,0.0,5.500546662635777
57.0,9.0,0.62,1.205,0.622,0.459,0.074,0.197,0.0,5.429733334299711
11.0,9.0,1.039,1.498,0.7,0.307,0.154,0.101,0.0,5.440463334108965
156.0,9.0,1.148,1.38,0.686,0.324,0.109,0.106,0.0,5.57058333295186
113.0,9.0,0.652,0.81,0.424,0.334,0.113,0.216,0.0,4.5370734845051635
58.0,9.0,1.405,1.29,1.03,0.524,0.291,0.246,0.0,5.795626669654852
120.0,9.0,1.188,1.429,0.884,0.562,0.017,0.055,0.0,5.5984599998347155
128.0,9.0,0.975,1.369,0.685,0.288,0.043,0.134,0.0,5.347500001475001
53.0,9.0,1.154,1.202,0.879,0.131,0.044,0.0,0.0,5.453060008595762
80.0,9.0,0.965,1.179,0.785,0.503,0.136,0.214,0.0,5.43017777802889
97.0,9.0,1.017,1.279,0.729,0.259,0.081,0.111,0.0,5.33119999853769
35.0,9.0,1.115,1.161,0.737,0.38,0.039,0.12,0.0,5.341100421325354
40.0,9.0,0.982,1.441,0.614,0.578,0.106,0.12,0.0,5.41657666327581
2.0,9.0,0.979,1.154,0.687,0.077,0.135,0.055,0.0,5.109383333197706
98.0,9.0,0.779,0.797,0.669,0.46,0.074,0.026,0.0,5.127879998524975
29.0,9.0,0.989,1.142,0.799,0.597,0.103,0.029,0.0,5.338506666361507
8.0,9.0,1.024,1.161,0.603,0.43,0.176,0.031,0.0,5.171103337084464
149.0,9.0,0.474,1.166,0.598,0.292,0.034,0.187,0.0,4.729399998741157
86.0,9.0,0.959,1.239,0.691,0.394,0.052,0.173,0.0,5.351623745134662
72.0,9.0,0.822,1.265,0.645,0.468,0.134,0.13,0.0,5.341058324864708
107.0,9.0,0.689,1.172,0.048,0.462,0.032,0.201,0.0,5.025516662699373
77.0,9.0,0.53,1.416,0.594,0.54,0.035,0.281,0.0,5.136006669476843
17.0,9.0,0.915,1.078,0.758,0.28,0.0,0.216,0.0,5.101000001754745
96.0,9.0,0.914,1.517,0.575,0.395,0.032,0.253,0.0,5.1383344379509825
166.0,9.0,0.715,1.365,0.702,0.618,0.079,0.177,0.0,5.276126661771147
63.0,9.0,0.899,1.215,0.522,0.538,0.018,0.484,0.0,5.127443335266123
15.0,9.0,0.796,1.335,0.527,0.541,0.171,0.364,0.0,5.158076663805665
133.0,9.0,0.0,0.712,0.115,0.674,0.282,0.238,0.0,4.7834900026066975
24.0,9.0,0.535,0.891,0.182,0.454,0.043,0.183,0.0,4.643990004170739
20.0,9.0,1.054,1.515,0.712,0.359,0.009,0.064,0.0,5.16307667266845
102.0,9.0,0.425,1.228,0.539,0.526,0.078,0.302,0.0,4.894323327471432
165.0,9.0,0.996,1.469,0.657,0.133,0.052,0.056,0.0,4.882816663831089
48.0,9.0,1.036,1.164,0.404,0.356,0.052,0.032,0.0,4.652576671151068
114.0,9.0,0.642,1.217,0.602,0.266,0.076,0.086,0.0,4.8204299988047286
136.0,9.0,0.94,1.41,0.33,0.516,0.056,0.103,0.0,4.772546662546791
64.0,9.0,1.059,0.771,0.691,0.459,0.129,0.282,0.0,4.887179999183038
69.0,9.0,0.541,0.872,0.08,0.467,0.103,0.146,0.0,4.543052667734796
52.0,9.0,0.592,0.896,0.337,0.499,0.029,0.212,0.0,4.64563514937892
127.0,9.0,0.429,1.117,0.433,0.406,0.082,0.138,0.0,4.476369997075404
78.0,9.0,0.72,1.034,0.441,0.626,0.174,0.23,0.0,4.72745333433787
155.0,9.0,0.9,0.906,0.69,0.271,0.063,0.04,0.0,4.691996662877413
1.0,9.0,0.916,0.817,0.79,0.419,0.032,0.149,0.0,5.027460010007224
129.0,9.0,0.256,0.813,0.0,0.355,0.053,0.238,0.0,4.157973338076278
32.0,9.0,0.682,0.811,0.343,0.514,0.077,0.091,0.0,4.431281805720477
10.0,9.0,0.532,0.85,0.579,0.58,0.144,0.153,0.0,4.604863334732056
140.0,9.0,0.918,1.314,0.672,0.585,0.05,0.307,0.0,4.762493327852887
65.0,9.0,1.01,0.971,0.536,0.304,0.095,0.148,0.0,4.593593350537608
90.0,9.0,0.37,1.233,0.152,0.367,0.056,0.139,0.0,4.3444093360163265
101.0,9.0,0.874,1.281,0.365,0.519,0.064,0.051,0.0,4.848663329137167
23.0,9.0,0.549,1.088,0.457,0.696,0.065,0.256,0.0,4.56421666495005
21.0,9.0,0.314,1.097,0.254,0.312,0.128,0.175,0.0,4.188176673053104
42.0,9.0,0.885,1.025,0.553,0.312,0.107,0.092,0.0,4.746470015373226
99.0,9.0,0.198,0.902,0.173,0.531,0.158,0.206,0.0,4.320208889454725
74.0,9.0,0.493,1.048,0.454,0.504,0.055,0.352,0.0,4.454256664237984
168.0,9.0,0.562,1.047,0.295,0.503,0.082,0.221,0.0,4.367347493289295
92.0,9.0,0.557,1.245,0.292,0.129,0.093,0.134,0.0,4.2444099871508225
45.0,9.0,0.308,0.95,0.391,0.452,0.146,0.22,0.0,4.282959998435974
50.0,9.0,0.853,0.592,0.643,0.375,0.215,0.038,0.0,4.478436665560399
5.0,9.0,0.816,0.99,0.666,0.26,0.028,0.077,0.0,4.474976665267943
100.0,9.0,0.682,1.174,0.429,0.58,0.178,0.598,0.0,4.474576665191646
27.0,9.0,0.358,0.907,0.053,0.189,0.06,0.181,0.0,4.237770008500418
33.0,9.0,0.069,1.136,0.204,0.312,0.052,0.197,0.0,4.267456670468634
62.0,9.0,0.721,0.747,0.485,0.539,0.093,0.172,0.0,4.560776670252484
106.0,9.0,0.131,0.867,0.221,0.39,0.099,0.175,0.0,4.231896659609479
158.0,9.0,0.322,1.09,0.237,0.45,0.061,0.259,0.0,4.167358858002557
14.0,9.0,0.378,0.372,0.24,0.44,0.067,0.163,0.0,3.9714033304691316
141.0,9.0,0.605,1.24,0.312,0.016,0.082,0.134,0.0,4.205146660728446
159.0,9.0,0.793,1.413,0.609,0.163,0.011,0.187,0.0,4.339813333142599
152.0,9.0,0.259,0.474,0.253,0.434,0.101,0.158,0.0,3.7475566529591933
55.0,9.0,0.344,0.792,0.211,0.394,0.094,0.185,0.0,4.072225997011827
81.0,9.0,0.472,1.215,0.079,0.423,0.112,0.116,0.0,4.282256679782866
3.0,9.0,0.73,1.125,0.269,0.0,0.061,0.079,0.0,3.9288933479844954
87.0,9.0,0.262,0.908,0.402,0.221,0.049,0.155,0.0,3.8978033370272236
169.0,9.0,0.357,1.094,0.248,0.406,0.099,0.132,0.0,4.026392661593121
0.0,9.0,0.332,0.537,0.255,0.085,0.036,0.191,0.0,3.56445666221935
18.0,9.0,1.017,1.174,0.417,0.557,0.092,0.042,0.0,4.798569994398755
88.0,9.0,0.186,0.541,0.306,0.531,0.08,0.21,0.0,3.8582266671276093
56.0,9.0,0.315,0.714,0.289,0.025,0.104,0.392,0.0,3.676076662143072
82.0,9.0,0.076,0.858,0.267,0.419,0.03,0.206,0.0,4.257646661567686
146.0,9.0,0.689,0.382,0.539,0.088,0.144,0.376,0.0,3.7133866502053943
125.0,9.0,0.332,0.896,0.4,0.636,0.444,0.2,0.0,3.8227266666158015
167.0,9.0,0.442,1.073,0.343,0.244,0.064,0.083,0.0,3.5972599976942363
150.0,9.0,0.455,0.991,0.381,0.481,0.097,0.27,0.0,4.208146653709408
138.0,9.0,0.337,0.608,0.177,0.112,0.106,0.224,0.0,3.4139200010538144
26.0,9.0,0.024,0.0,0.01,0.305,0.038,0.218,0.0,3.1489200134340876
22.0,9.0,0.091,0.627,0.145,0.065,0.076,0.149,0.0,3.369286661130127
46.0,9.0,1.34,1.587,0.986,0.596,0.393,0.153,0.0,7.026003333511353
38.0,9.0,1.383,1.573,0.996,0.592,0.41,0.252,0.0,7.203186668942777
111.0,9.0,1.488,1.582,1.028,0.603,0.341,0.271,0.0,7.462486668752059
61.0,9.0,1.38,1.624,1.026,0.591,0.118,0.354,0.0,7.345666666456842
103.0,9.0,1.396,1.522,0.999,0.557,0.298,0.322,0.0,7.341496668818177
145.0,9.0,1.452,1.526,1.052,0.572,0.343,0.263,0.0,7.377173332786575
144.0,9.0,1.387,1.487,1.009,0.574,0.373,0.267,0.0,7.289400001037614
104.0,9.0,1.303,1.557,1.026,0.585,0.38,0.33,0.0,7.244930003368808
25.0,9.0,1.365,1.505,1.039,0.584,0.308,0.285,0.0,7.243393333562218
7.0,9.0,1.376,1.475,1.016,0.532,0.226,0.244,0.0,6.68579333201089
6.0,9.0,1.372,1.548,1.036,0.557,0.29,0.332,0.0,7.195040001475031
34.0,9.0,1.034,1.441,0.963,0.558,0.093,0.144,0.0,6.751859999313329
67.0,9.0,1.276,1.455,1.029,0.371,0.082,0.261,0.0,6.862326659024532
85.0,9.0,1.609,1.479,1.012,0.526,0.316,0.194,0.0,6.82738999590554
161.0,9.0,1.333,1.538,0.996,0.45,0.278,0.348,0.0,6.784216662699384
66.0,9.0,1.499,1.553,0.999,0.516,0.31,0.298,0.0,6.962553332532231
51.0,9.0,1.373,1.454,0.987,0.495,0.265,0.261,0.0,6.770750001169812
12.0,9.0,1.356,1.504,0.986,0.473,0.21,0.16,0.0,6.521656659202573
162.0,9.0,1.433,1.457,0.874,0.454,0.128,0.28,0.0,6.838769995091778
37.0,9.0,1.269,1.487,0.92,0.457,0.036,0.046,0.0,6.578663336486841
160.0,9.0,1.503,1.31,0.825,0.598,0.182,0.262,0.0,6.732083326466898
91.0,9.0,1.3,1.52,0.999,0.564,0.151,0.375,0.0,6.795646667722091
94.0,9.0,1.07,1.323,0.861,0.433,0.073,0.074,0.0,6.33839666646323
47.0,9.0,1.324,1.472,1.045,0.436,0.183,0.111,0.0,6.3413399921163
147.0,9.0,1.368,1.43,0.914,0.351,0.097,0.242,0.0,6.328056627171835
28.0,9.0,1.159,1.369,0.92,0.357,0.056,0.187,0.0,5.912049995040896
54.0,9.0,0.8,1.269,0.746,0.535,0.078,0.175,0.0,6.2626766666284945
126.0,9.0,1.403,1.357,0.795,0.439,0.132,0.08,0.0,6.29502666655223
122.0,9.0,1.684,1.313,0.871,0.555,0.167,0.22,0.0,6.401483326835635
139.0,9.0,1.286,1.484,1.062,0.362,0.079,0.153,0.0,6.340756662292501
115.0,9.0,1.149,1.442,0.91,0.516,0.054,0.109,0.0,6.243093333498624
19.0,9.0,1.004,1.439,0.802,0.39,0.086,0.099,0.0,5.571556667645766
163.0,9.0,1.124,1.465,0.891,0.523,0.15,0.127,0.0,6.2921266652679435
130.0,9.0,1.572,1.463,1.141,0.556,0.453,0.271,0.0,6.472423333142576
43.0,9.0,0.794,1.242,0.789,0.43,0.074,0.093,0.0,5.9778533326212395
68.0,9.0,1.294,1.488,1.039,0.231,0.03,0.158,0.0,6.153663334617598
9.0,9.0,1.362,1.368,0.871,0.536,0.11,0.255,0.0,6.340893331451429
131.0,9.0,1.246,1.504,0.881,0.334,0.014,0.121,0.0,6.128929998817462
153.0,9.0,1.231,1.477,0.713,0.489,0.016,0.185,0.0,6.065226664899193
119.0,9.0,1.206,1.438,0.884,0.483,0.05,0.117,0.0,6.127423332303372
164.0,9.0,0.745,1.529,0.756,0.631,0.24,0.322,0.0,6.067326661872855
84.0,9.0,1.238,1.515,0.818,0.291,0.042,0.043,0.0,6.015883336359633
30.0,9.0,0.985,1.41,0.841,0.47,0.034,0.099,0.0,5.950406667022702
132.0,9.0,1.258,1.523,0.953,0.564,0.057,0.144,0.0,6.213066664644867
105.0,9.0,0.694,1.325,0.835,0.435,0.127,0.2,0.0,5.672349997011821
75.0,9.0,0.882,1.232,0.758,0.489,0.006,0.262,0.0,5.876256666679366
4.0,9.0,1.092,1.432,0.881,0.471,0.05,0.066,0.0,6.067640002835596
123.0,9.0,1.162,1.232,0.825,0.462,0.005,0.083,0.0,5.655220004145304
36.0,9.0,1.263,1.223,1.042,0.406,0.041,0.19,0.0,6.019553332977313
41.0,9.0,0.912,1.312,0.868,0.498,0.087,0.126,0.0,5.931439995969127
76.0,9.0,1.5,1.319,0.808,0.493,0.097,0.142,0.0,6.114253329722072
151.0,9.0,1.05,1.409,0.828,0.557,0.028,0.359,0.0,5.917236665115375
79.0,9.0,1.187,1.465,0.812,0.264,0.064,0.075,0.0,5.839636667531349
137.0,9.0,1.301,1.219,1.036,0.159,0.056,0.175,0.0,5.888323330154412
44.0,9.0,1.237,1.528,0.874,0.495,0.161,0.103,0.0,6.250366660512297
70.0,9.0,0.831,1.478,0.831,0.49,0.028,0.107,0.0,5.860826666806557
93.0,9.0,1.12,1.402,0.798,0.498,0.06,0.215,0.0,5.962400001665739
71.0,9.0,1.327,1.419,1.088,0.445,0.14,0.069,0.0,6.23170333147685
57.0,9.0,0.642,1.236,0.828,0.507,0.078,0.246,0.0,5.816416666895525
73.0,9.0,1.173,1.508,0.729,0.41,0.096,0.146,0.0,5.8850004141155745
16.0,9.0,0.776,1.209,0.706,0.511,0.064,0.137,0.0,5.744619998486834
60.0,9.0,1.201,1.41,0.828,0.199,0.02,0.081,0.0,5.660446669273392
116.0,9.0,0.855,1.475,0.777,0.514,0.08,0.184,0.0,5.771413333918246
110.0,9.0,1.263,1.252,1.042,0.417,0.162,0.191,0.0,6.033309994837451
117.0,9.0,0.96,1.274,0.854,0.455,0.027,0.083,0.0,5.627446665217052
120.0,9.0,1.221,1.431,0.999,0.508,0.025,0.047,0.0,5.762320000546767
113.0,9.0,0.677,0.886,0.535,0.313,0.098,0.22,0.0,5.281373335164397
124.0,9.0,1.183,1.452,0.726,0.334,0.031,0.082,0.0,5.727576666132595
118.0,9.0,0.807,1.293,0.657,0.558,0.107,0.117,0.0,5.59981332875571
128.0,9.0,1.004,1.383,0.854,0.282,0.039,0.137,0.0,5.515806665712995
95.0,9.0,0.685,1.328,0.739,0.245,0.0,0.181,0.0,5.429906666272484
83.0,9.0,1.044,1.303,0.673,0.416,0.152,0.133,0.0,5.629343745525679
97.0,9.0,1.051,1.361,0.871,0.197,0.08,0.142,0.0,5.599516662699382
149.0,9.0,0.493,1.098,0.718,0.389,0.144,0.23,0.0,5.265589995905577
35.0,9.0,1.155,1.266,0.914,0.296,0.022,0.119,0.0,5.509723341458645
58.0,9.0,1.438,1.277,1.122,0.44,0.287,0.258,0.0,5.660643338190721
40.0,9.0,1.015,1.401,0.779,0.497,0.101,0.113,0.0,5.666306664899173
17.0,9.0,0.945,1.212,0.845,0.212,0.006,0.263,0.0,5.2136266644795635
156.0,9.0,1.183,1.36,0.808,0.195,0.106,0.083,0.0,5.710680000724799
89.0,9.0,1.221,1.171,0.828,0.508,0.024,0.26,0.0,5.50715777594354
11.0,9.0,1.067,1.465,0.789,0.235,0.142,0.094,0.0,5.550836671473176
53.0,9.0,1.181,1.156,0.999,0.067,0.034,0.0,0.0,5.528450016072581
96.0,9.0,0.948,1.531,0.667,0.317,0.038,0.235,0.0,5.275839998245255
109.0,9.0,0.983,1.294,0.838,0.345,0.034,0.185,0.0,5.333019999516779
107.0,9.0,0.696,1.111,0.245,0.426,0.041,0.215,0.0,5.042443328819288
77.0,9.0,0.551,1.438,0.723,0.508,0.023,0.3,0.0,5.575259998334257
157.0,9.0,1.052,1.538,0.657,0.394,0.028,0.244,0.0,5.265643330192577
2.0,9.0,1.002,1.16,0.785,0.086,0.114,0.073,0.0,5.074763335469573
98.0,9.0,0.801,0.782,0.782,0.418,0.076,0.036,0.0,5.150340000419626
8.0,9.0,1.043,1.147,0.769,0.351,0.182,0.035,0.0,5.220176669260675
80.0,9.0,0.987,1.224,0.815,0.216,0.027,0.166,0.0,5.2069100001017
63.0,9.0,0.931,1.203,0.66,0.491,0.028,0.498,0.0,5.195463002606713
29.0,9.0,1.029,1.125,0.893,0.521,0.1,0.058,0.0,5.3356133331044635
166.0,9.0,0.741,1.346,0.851,0.543,0.073,0.147,0.0,5.548886665280663
15.0,9.0,0.813,1.321,0.604,0.457,0.167,0.37,0.0,5.147930001589479
24.0,9.0,0.549,0.91,0.331,0.381,0.037,0.187,0.0,4.829825152309891
20.0,9.0,1.092,1.513,0.815,0.311,0.004,0.081,0.0,5.227750004641203
52.0,9.0,0.611,0.868,0.486,0.381,0.04,0.245,0.0,4.902686666336072
69.0,9.0,0.569,0.808,0.232,0.352,0.09,0.154,0.0,4.354945995187127
102.0,9.0,0.446,1.226,0.677,0.439,0.089,0.285,0.0,5.049556663080859
72.0,9.0,0.837,1.225,0.815,0.383,0.13,0.11,0.0,5.115766667111692
14.0,9.0,0.393,0.437,0.397,0.349,0.082,0.175,0.0,3.8582533309173628
32.0,9.0,0.673,0.799,0.508,0.372,0.093,0.105,0.0,4.787046669896429
48.0,9.0,1.057,1.183,0.571,0.295,0.055,0.043,0.0,4.840926668048423
78.0,9.0,0.764,1.03,0.551,0.547,0.164,0.266,0.0,4.810633335482301
136.0,9.0,0.96,1.351,0.469,0.389,0.055,0.13,0.0,4.827216661771127
1.0,9.0,0.947,0.848,0.874,0.383,0.027,0.178,0.0,4.964920012397767
165.0,9.0,0.96,1.427,0.805,0.154,0.047,0.064,0.0,4.9389833330281645
23.0,9.0,0.574,1.122,0.637,0.609,0.062,0.232,0.0,5.190273328005473
114.0,9.0,0.657,1.247,0.672,0.225,0.066,0.103,0.0,4.90452333305359
127.0,9.0,0.45,1.134,0.571,0.292,0.072,0.153,0.0,4.681233334693923
133.0,9.0,0.0,0.698,0.268,0.559,0.27,0.243,0.0,4.6170633322461265
101.0,9.0,0.879,1.313,0.477,0.401,0.056,0.07,0.0,5.044749993120822
106.0,9.0,0.138,0.774,0.366,0.318,0.102,0.188,0.0,4.419815150237224
21.0,9.0,0.331,1.056,0.38,0.255,0.113,0.177,0.0,4.380386670192077
5.0,9.0,0.85,1.055,0.815,0.283,0.064,0.095,0.0,4.98127666897668
64.0,9.0,1.1,0.842,0.785,0.305,0.125,0.27,0.0,4.760206671015423
55.0,9.0,0.38,0.829,0.375,0.332,0.086,0.207,0.0,4.401011818461575
50.0,9.0,0.886,0.666,0.752,0.346,0.164,0.043,0.0,4.683023334426879
49.0,9.0,0.308,0.939,0.428,0.382,0.167,0.269,0.0,4.371073331089024
74.0,9.0,0.512,0.983,0.581,0.431,0.053,0.372,0.0,4.628359999949148
92.0,9.0,0.57,1.167,0.489,0.066,0.088,0.106,0.0,4.431856665719355
99.0,9.0,0.204,0.986,0.39,0.494,0.138,0.197,0.0,4.286823328240707
155.0,9.0,0.921,1.0,0.815,0.167,0.055,0.059,0.0,4.630283330866502
10.0,9.0,0.562,0.928,0.723,0.527,0.143,0.166,0.0,5.110910000330607
65.0,9.0,1.043,0.98,0.574,0.241,0.089,0.148,0.0,4.5345333423741545
33.0,9.0,0.094,1.125,0.357,0.269,0.053,0.212,0.0,4.372250003795608
90.0,9.0,0.385,1.105,0.308,0.327,0.052,0.153,0.0,4.344645998671226
129.0,9.0,0.268,0.841,0.242,0.309,0.045,0.252,0.0,4.267054166488659
140.0,9.0,0.949,1.265,0.831,0.47,0.047,0.244,0.0,4.844706666043591
100.0,9.0,0.71,1.181,0.555,0.525,0.172,0.566,0.0,4.606076666208892
27.0,9.0,0.35,0.766,0.192,0.174,0.078,0.198,0.0,4.230880002555844
159.0,9.0,0.82,1.39,0.739,0.178,0.01,0.187,0.0,4.53036666675569
45.0,9.0,0.336,1.033,0.532,0.344,0.1,0.209,0.0,4.401670000667567
143.0,9.0,0.811,1.149,0.0,0.313,0.135,0.074,0.0,4.292469999961849
158.0,9.0,0.332,1.069,0.443,0.356,0.06,0.252,0.0,4.1348899949518865
42.0,9.0,0.913,1.039,0.644,0.241,0.067,0.076,0.0,4.799273329048157
168.0,9.0,0.578,1.058,0.426,0.431,0.087,0.247,0.0,4.217587496337882
152.0,9.0,0.275,0.572,0.41,0.293,0.085,0.177,0.0,3.896343329817465
62.0,9.0,0.755,0.765,0.588,0.498,0.085,0.2,0.0,4.27004666641236
82.0,9.0,0.073,0.922,0.443,0.37,0.033,0.233,0.0,4.081866666094461
31.0,9.0,0.274,0.757,0.505,0.142,0.078,0.275,0.0,4.02016666600544
87.0,9.0,0.274,0.916,0.555,0.148,0.041,0.169,0.0,4.298456669190723
81.0,9.0,0.489,1.169,0.168,0.359,0.093,0.107,0.0,3.986376667118073
22.0,9.0,0.046,0.447,0.38,0.22,0.18,0.176,0.0,3.7173033322238855
169.0,9.0,0.366,1.114,0.433,0.361,0.089,0.151,0.0,3.853243331909185
56.0,9.0,0.323,0.688,0.449,0.026,0.11,0.419,0.0,3.788243329321544
18.0,9.0,1.041,1.145,0.538,0.455,0.1,0.025,0.0,4.140170003267949
146.0,9.0,0.619,0.378,0.44,0.013,0.141,0.331,0.0,3.8202999840757563
88.0,9.0,0.191,0.56,0.495,0.443,0.089,0.218,0.0,3.6950566669375107
167.0,9.0,0.287,1.163,0.463,0.143,0.077,0.108,0.0,3.660740000197097
125.0,9.0,0.359,0.711,0.614,0.555,0.411,0.217,0.0,4.475629997261895
150.0,9.0,0.476,0.885,0.499,0.417,0.147,0.276,0.0,4.517866657098143
0.0,9.0,0.35,0.517,0.361,0.0,0.025,0.158,0.0,3.3670899984486753
26.0,9.0,0.026,0.0,0.105,0.225,0.035,0.235,0.0,3.181363350095744
138.0,9.0,0.306,0.575,0.295,0.01,0.091,0.202,0.0,3.132246661818812
